{"1O": {"precision": 0.8293718285555384, "recall": 0.5, "map50": 0.6071202327084678, "map5095": 0.43931697928508273}, "1C": {"precision": 0.6060957554064862, "recall": 0.875, "map50": 0.7653181818181818, "map5095": 0.5905165380911923}, "1E": {"precision": 0.5090357194510877, "recall": 0.7777777777777778, "map50": 0.7493736263736266, "map5095": 0.5818251503213768}, "1B": {"precision": 0.5702130705470309, "recall": 0.5714285714285714, "map50": 0.7542, "map5095": 0.4799238904501494}, "2O": {"precision": 0.5260466429123469, "recall": 0.8888888888888888, "map50": 0.6883408866995074, "map5095": 0.45726780240831966}, "2C": {"precision": 0.2891814600930628, "recall": 0.2857142857142857, "map50": 0.25045695811018387, "map5095": 0.17390211449467902}, "2E": {"precision": 0.5011057968693837, "recall": 0.6, "map50": 0.7203968253968251, "map5095": 0.5088445767195766}, "2B": {"precision": 0.4190987955396274, "recall": 0.875, "map50": 0.5936431372549021, "map5095": 0.4163970015082956}, "3O": {"precision": 0.26292782109754986, "recall": 0.2, "map50": 0.22500455373406192, "map5095": 0.16573423838797813}, "3C": {"precision": 0.550071095135182, "recall": 0.75, "map50": 0.7338947368421054, "map5095": 0.41811444617053717}, "3E": {"precision": 0.5328470442179447, "recall": 1.0, "map50": 0.8281428571428571, "map5095": 0.59973547875064}, "3B": {"precision": 0.4531044043085796, "recall": 0.5714285714285714, "map50": 0.6046969696969697, "map5095": 0.38661446811888067}, "4O": {"precision": 0.7560947215347157, "recall": 0.6666666666666666, "map50": 0.7674285714285716, "map5095": 0.591516628861004}, "4C": {"precision": 0.2352530171148585, "recall": 0.5, "map50": 0.4363725490196078, "map5095": 0.3657848609211126}, "4E": {"precision": 0.7003821277801331, "recall": 1.0, "map50": 0.9775, "map5095": 0.8117297450980393}, "4B": {"precision": 0.4803429177319212, "recall": 0.42857142857142855, "map50": 0.577399643175736, "map5095": 0.308576192016057}, "5O": {"precision": 0.7872771423694526, "recall": 0.42857142857142855, "map50": 0.5159499999999998, "map5095": 0.4594754034090907}, "5C": {"precision": 0.5500087902559707, "recall": 0.3333333333333333, "map50": 0.36175675675675695, "map5095": 0.3049799776209331}, "5E": {"precision": 0.4756303758814086, "recall": 0.9106447115651649, "map50": 0.915, "map5095": 0.6968814145141452}, "5B": {"precision": 0.40026132359318484, "recall": 0.75, "map50": 0.6446334768255262, "map5095": 0.51116361174266}, "6O": {"precision": 0.6394097329283585, "recall": 0.7182291987850754, "map50": 0.6902380952380952, "map5095": 0.5041482857142856}, "6C": {"precision": 0.0, "recall": 0.0, "map50": 0.09296576695194207, "map5095": 0.06658000897019814}, "6E": {"precision": 0.3012674960952502, "recall": 0.8, "map50": 0.6513157894736841, "map5095": 0.5176728474768865}, "6B": {"precision": 0.34692132251640345, "recall": 0.6, "map50": 0.645, "map5095": 0.5317012820512821}, "7O": {"precision": 0.11988421039308694, "recall": 0.16666666666666666, "map50": 0.15140470494417863, "map5095": 0.11216103271101104}, "7C": {"precision": 1.0, "recall": 0.4519794457311769, "map50": 0.7476494424494422, "map5095": 0.4864871817637388}, "7E": {"precision": 0.5211976508608289, "recall": 0.45454545454545453, "map50": 0.45300616883116873, "map5095": 0.3239546704111912}, "7B": {"precision": 0.3348124177884318, "recall": 0.7931036056942007, "map50": 0.6459117647058823, "map5095": 0.5527703464947622}, "8O": {"precision": 0.10104221888531519, "recall": 0.20254764616410378, "map50": 0.22922715894868584, "map5095": 0.18882378552383572}, "8C": {"precision": 0.4390357340395148, "recall": 0.7142857142857143, "map50": 0.5364392839864538, "map5095": 0.4136791750080781}, "8E": {"precision": 0.24071516074282523, "recall": 0.42857142857142855, "map50": 0.4119652406417113, "map5095": 0.3374345122188033}, "8B": {"precision": 0.4392680082907598, "recall": 0.42857142857142855, "map50": 0.43861721374045803, "map5095": 0.32745526319974555}, "9O": {"precision": 0.4643666466967114, "recall": 0.5714285714285714, "map50": 0.6570000000000001, "map5095": 0.5152002014327856}, "9C": {"precision": 0.4115833990049266, "recall": 0.8888888888888888, "map50": 0.5975416482382425, "map5095": 0.5102133152644884}, "9E": {"precision": 0.09444696493478127, "recall": 0.16528218863586724, "map50": 0.23411764705882349, "map5095": 0.20081260504201678}, "9B": {"precision": 0.41324202753514633, "recall": 0.625, "map50": 0.5884534161490682, "map5095": 0.5306631065759636}, "10O": {"precision": 0.4598029036768857, "recall": 1.0, "map50": 0.8213157894736842, "map5095": 0.6759423778195489}, "10C": {"precision": 0.12148056112169502, "recall": 0.25, "map50": 0.13041097060833906, "map5095": 0.08714103689369267}, "10E": {"precision": 0.33642537506611647, "recall": 0.3333333333333333, "map50": 0.25904856518948804, "map5095": 0.19969419317681156}, "10B": {"precision": 0.3916502600645434, "recall": 0.41166018608467175, "map50": 0.3629342024116721, "map5095": 0.2991516926172972}, "11O": {"precision": 0.3335205541756671, "recall": 0.36220431525249597, "map50": 0.4915151515151514, "map5095": 0.2323454656248347}, "11C": {"precision": 0.25266885231628267, "recall": 0.2857142857142857, "map50": 0.34157407407407414, "map5095": 0.2523099263959391}, "11E": {"precision": 0.5489614010437489, "recall": 0.25, "map50": 0.3550613695090438, "map5095": 0.2594188896488827}, "11B": {"precision": 0.2750274989435785, "recall": 0.25, "map50": 0.3829789432789433, "map5095": 0.25245619986850754}, "12O": {"precision": 0.08592727324881998, "recall": 0.16666666666666666, "map50": 0.2617963163596967, "map5095": 0.18249904658721566}, "12C": {"precision": 0.32974780824988703, "recall": 0.49260485451539204, "map50": 0.363742105263158, "map5095": 0.30008446750094225}, "12E": {"precision": 0.17100723779171886, "recall": 0.125, "map50": 0.29162280701754384, "map5095": 0.19871069187969925}, "12B": {"precision": 0.49093736573781244, "recall": 0.25, "map50": 0.4402729618596622, "map5095": 0.3373802609157593}, "J": {"precision": 0.9162322905794343, "recall": 1.0, "map50": 0.995, "map5095": 0.49749999999999994}}