{"metrics/precision(B)": 0.01319357019579798, "metrics/recall(B)": 0.3340923815413611, "metrics/mAP50(B)": 0.01768014879685236, "metrics/mAP50-95(B)": 0.01137437332232435, "fitness": 0.012004950869777152}